{"atlas":{"type":"mtsdf","distanceRange":10,"distanceRangeMiddle":0,"size":64,"width":75,"height":75,"yOrigin":"bottom"},"metrics":{"emSize":1,"lineHeight":1.0900000000000001,"ascender":0.80000000000000004,"descender":-0.20000000000000001,"underlineY":-0.10000000000000001,"underlineThickness":0.050000000000000003},"glyphs":[{"unicode":87,"advance":1,"planeBounds":{"left":-0.078125,"bottom":-0.0390625,"right":1.078125,"top":0.6484375},"atlasBounds":{"left":0.5,"bottom":30.5,"right":74.5,"top":74.5}}],"kerning":[]}
